20210301010101 ,10.20.30.1/16,44
20210301010102 ,10.20.30.2/16,56
20210301010201 ,10.20.30.1/16,29
20210301010202 ,10.20.30.2/16,30
20210301010301 ,10.20.30.1/16,11
20210301010302 ,10.20.30.2/16,8
20210301010401 ,10.20.30.1/16,26
20210301010402 ,10.20.30.2/16,35
20210301010501 ,10.20.30.1/16,39
20210301010502 ,10.20.30.2/16,46
20210301010601 ,10.20.30.1/16,12
20210301010602 ,10.20.30.2/16,15
20210301010701 ,10.20.30.1/16,16
20210301010702 ,10.20.30.2/16,9
20210301010801 ,10.20.30.1/16,47
20210301010802 ,10.20.30.2/16,55
20210301010901 ,10.20.30.1/16,52
20210301010902 ,10.20.30.2/16,73
20210301011001 ,10.20.30.1/16,28
20210301011002 ,10.20.30.2/16,14
20210301011101 ,10.20.30.1/16,12
20210301011102 ,10.20.30.2/16,15
20210301011201 ,10.20.30.1/16,-
20210301011202 ,10.20.30.2/16,15
20210301011301 ,10.20.30.1/16,28
20210301011302 ,10.20.30.2/16,30
20210301011401 ,10.20.30.1/16,52
20210301011402 ,10.20.30.2/16,68
20210301011501 ,10.20.30.1/16,7
20210301011502 ,10.20.30.2/16,8
20210301011601 ,10.20.30.1/16,14
20210301011602 ,10.20.30.2/16,16
20210301011701 ,10.20.30.1/16,8
20210301011702 ,10.20.30.2/16,9
20210301011801 ,10.20.30.1/16,38
20210301011802 ,10.20.30.2/16,33
20210301011901 ,10.20.30.1/16,59
20210301011902 ,10.20.30.2/16,94
20210301012001 ,10.20.30.1/16,6
20210301012002 ,10.20.30.2/16,6
20210301012101 ,10.20.30.1/16,39
20210301012102 ,10.20.30.2/16,36
20210301012201 ,10.20.30.1/16,28
20210301012202 ,10.20.30.2/16,31
20210301012301 ,10.20.30.1/16,50
20210301012302 ,10.20.30.2/16,45
20210301012401 ,10.20.30.1/16,18
20210301012402 ,10.20.30.2/16,18
20210301012501 ,10.20.30.1/16,50
20210301012502 ,10.20.30.2/16,26
20210301012601 ,10.20.30.1/16,9
20210301012602 ,10.20.30.2/16,13
20210301012701 ,10.20.30.1/16,28
20210301012702 ,10.20.30.2/16,32
20210301012801 ,10.20.30.1/16,22
20210301012802 ,10.20.30.2/16,13
20210301012901 ,10.20.30.1/16,5
20210301012902 ,10.20.30.2/16,6
20210301013001 ,10.20.30.1/16,3
20210301013002 ,10.20.30.2/16,3
20210301013101 ,10.20.30.1/16,24
20210301013102 ,10.20.30.2/16,27
20210301013201 ,10.20.30.1/16,7
20210301013202 ,10.20.30.2/16,7
20210301013301 ,10.20.30.1/16,25
20210301013302 ,10.20.30.2/16,27
20210301013401 ,10.20.30.1/16,5
20210301013402 ,10.20.30.2/16,3
20210301013501 ,10.20.30.1/16,17
20210301013502 ,10.20.30.2/16,10
20210301013601 ,10.20.30.1/16,34
20210301013602 ,10.20.30.2/16,28
20210301013701 ,10.20.30.1/16,22
20210301013702 ,10.20.30.2/16,12
20210301013801 ,10.20.30.1/16,53
20210301013802 ,10.20.30.2/16,47
20210301013901 ,10.20.30.1/16,45
20210301013902 ,10.20.30.2/16,39
20210301014001 ,10.20.30.1/16,28
20210301014002 ,10.20.30.2/16,12
20210301014101 ,10.20.30.1/16,14
20210301014102 ,10.20.30.2/16,13
20210301014201 ,10.20.30.1/16,29
20210301014202 ,10.20.30.2/16,28
20210301014301 ,10.20.30.1/16,9
20210301014302 ,10.20.30.2/16,10
20210301014401 ,10.20.30.1/16,15
20210301014402 ,10.20.30.2/16,10
20210301014501 ,10.20.30.1/16,19
20210301014502 ,10.20.30.2/16,15
20210301014601 ,10.20.30.1/16,52
20210301014602 ,10.20.30.2/16,35
20210301014701 ,10.20.30.1/16,51
20210301014702 ,10.20.30.2/16,64
20210301014801 ,10.20.30.1/16,34
20210301014802 ,10.20.30.2/16,26
20210301014901 ,10.20.30.1/16,42
20210301014902 ,10.20.30.2/16,31
20210301015001 ,10.20.30.1/16,10
20210301015002 ,10.20.30.2/16,10
20210301015101 ,10.20.30.1/16,35
20210301015102 ,10.20.30.2/16,61
20210301015201 ,10.20.30.1/16,54
20210301015202 ,10.20.30.2/16,60
20210301015301 ,10.20.30.1/16,31
20210301015302 ,10.20.30.2/16,43
20210301015401 ,10.20.30.1/16,38
20210301015402 ,10.20.30.2/16,27
20210301015501 ,10.20.30.1/16,57
20210301015502 ,10.20.30.2/16,68
20210301015601 ,10.20.30.1/16,58
20210301015602 ,10.20.30.2/16,26
20210301015701 ,10.20.30.1/16,41
20210301015702 ,10.20.30.2/16,42
20210301015801 ,10.20.30.1/16,11
20210301015802 ,10.20.30.2/16,15
20210301015901 ,10.20.30.1/16,3
20210301015902 ,10.20.30.2/16,1
20210301020001 ,10.20.30.1/16,45
20210301020002 ,10.20.30.2/16,64
20210301020101 ,10.20.30.1/16,48
20210301020102 ,10.20.30.2/16,-
20210301020201 ,10.20.30.1/16,35
20210301020202 ,10.20.30.2/16,42
20210301020301 ,10.20.30.1/16,51
20210301020302 ,10.20.30.2/16,41
20210301020401 ,10.20.30.1/16,27
20210301020402 ,10.20.30.2/16,27
20210301020501 ,10.20.30.1/16,23
20210301020502 ,10.20.30.2/16,14
20210301020601 ,10.20.30.1/16,45
20210301020602 ,10.20.30.2/16,39
20210301020701 ,10.20.30.1/16,42
20210301020702 ,10.20.30.2/16,44
20210301020801 ,10.20.30.1/16,19
20210301020802 ,10.20.30.2/16,20
20210301020901 ,10.20.30.1/16,33
20210301020902 ,10.20.30.2/16,44
20210301021001 ,10.20.30.1/16,7
20210301021002 ,10.20.30.2/16,5
20210301021101 ,10.20.30.1/16,17
20210301021102 ,10.20.30.2/16,13
20210301021201 ,10.20.30.1/16,26
20210301021202 ,10.20.30.2/16,19
20210301021301 ,10.20.30.1/16,9
20210301021302 ,10.20.30.2/16,10
20210301021401 ,10.20.30.1/16,9
20210301021402 ,10.20.30.2/16,7
20210301021501 ,10.20.30.1/16,18
20210301021502 ,10.20.30.2/16,19
20210301021601 ,10.20.30.1/16,50
20210301021602 ,10.20.30.2/16,46
20210301021701 ,10.20.30.1/16,59
20210301021702 ,10.20.30.2/16,79
20210301021801 ,10.20.30.1/16,26
20210301021802 ,10.20.30.2/16,20
20210301021901 ,10.20.30.1/16,56
20210301021902 ,10.20.30.2/16,39
20210301022001 ,10.20.30.1/16,5
20210301022002 ,10.20.30.2/16,4
20210301022101 ,10.20.30.1/16,28
20210301022102 ,10.20.30.2/16,24
20210301022201 ,10.20.30.1/16,16
20210301022202 ,10.20.30.2/16,12
20210301022301 ,10.20.30.1/16,38
20210301022302 ,10.20.30.2/16,38
20210301022401 ,10.20.30.1/16,7
20210301022402 ,10.20.30.2/16,5
20210301022501 ,10.20.30.1/16,24
20210301022502 ,10.20.30.2/16,33
20210301022601 ,10.20.30.1/16,20
20210301022602 ,10.20.30.2/16,12
20210301022701 ,10.20.30.1/16,35
20210301022702 ,10.20.30.2/16,41
20210301022801 ,10.20.30.1/16,18
20210301022802 ,10.20.30.2/16,16
20210301022901 ,10.20.30.1/16,58
20210301022902 ,10.20.30.2/16,50
20210301023001 ,10.20.30.1/16,13
20210301023002 ,10.20.30.2/16,15
20210301023101 ,10.20.30.1/16,2
20210301023102 ,10.20.30.2/16,2
20210301023201 ,10.20.30.1/16,7
20210301023202 ,10.20.30.2/16,-
20210301023301 ,10.20.30.1/16,6
20210301023302 ,10.20.30.2/16,3
20210301023401 ,10.20.30.1/16,55
20210301023402 ,10.20.30.2/16,61
20210301023501 ,10.20.30.1/16,15
20210301023502 ,10.20.30.2/16,12
20210301023601 ,10.20.30.1/16,6
20210301023602 ,10.20.30.2/16,6
20210301023701 ,10.20.30.1/16,25
20210301023702 ,10.20.30.2/16,25
20210301023801 ,10.20.30.1/16,50
20210301023802 ,10.20.30.2/16,37
20210301023901 ,10.20.30.1/16,54
20210301023902 ,10.20.30.2/16,51
20210301024001 ,10.20.30.1/16,32
20210301024002 ,10.20.30.2/16,21
20210301024101 ,10.20.30.1/16,1
20210301024102 ,10.20.30.2/16,2
20210301024201 ,10.20.30.1/16,56
20210301024202 ,10.20.30.2/16,52
20210301024301 ,10.20.30.1/16,59
20210301024302 ,10.20.30.2/16,71
20210301024401 ,10.20.30.1/16,34
20210301024402 ,10.20.30.2/16,41
20210301024501 ,10.20.30.1/16,5
20210301024502 ,10.20.30.2/16,6
20210301024601 ,10.20.30.1/16,6
20210301024602 ,10.20.30.2/16,10
20210301024701 ,10.20.30.1/16,17
20210301024702 ,10.20.30.2/16,19
20210301024801 ,10.20.30.1/16,59
20210301024802 ,10.20.30.2/16,58
20210301024901 ,10.20.30.1/16,33
20210301024902 ,10.20.30.2/16,36
20210301025001 ,10.20.30.1/16,46
20210301025002 ,10.20.30.2/16,39
20210301025101 ,10.20.30.1/16,13
20210301025102 ,10.20.30.2/16,12
20210301025201 ,10.20.30.1/16,41
20210301025202 ,10.20.30.2/16,30
20210301025301 ,10.20.30.1/16,16
20210301025302 ,10.20.30.2/16,16
20210301025401 ,10.20.30.1/16,35
20210301025402 ,10.20.30.2/16,34
20210301025501 ,10.20.30.1/16,40
20210301025502 ,10.20.30.2/16,39
20210301025601 ,10.20.30.1/16,48
20210301025602 ,10.20.30.2/16,46
20210301025701 ,10.20.30.1/16,3
20210301025702 ,10.20.30.2/16,3
20210301025801 ,10.20.30.1/16,18
20210301025802 ,10.20.30.2/16,17
20210301025901 ,10.20.30.1/16,48
20210301025902 ,10.20.30.2/16,45
20210301030001 ,10.20.30.1/16,13
20210301030002 ,10.20.30.2/16,17
20210301030101 ,10.20.30.1/16,34
20210301030102 ,10.20.30.2/16,48
20210301030201 ,10.20.30.1/16,20
20210301030202 ,10.20.30.2/16,23
20210301030301 ,10.20.30.1/16,24
20210301030302 ,10.20.30.2/16,24
20210301030401 ,10.20.30.1/16,32
20210301030402 ,10.20.30.2/16,33
20210301030501 ,10.20.30.1/16,36
20210301030502 ,10.20.30.2/16,35
20210301030601 ,10.20.30.1/16,29
20210301030602 ,10.20.30.2/16,31
20210301030701 ,10.20.30.1/16,0
20210301030702 ,10.20.30.2/16,1
20210301030801 ,10.20.30.1/16,28
20210301030802 ,10.20.30.2/16,26
20210301030901 ,10.20.30.1/16,40
20210301030902 ,10.20.30.2/16,39
20210301031001 ,10.20.30.1/16,43
20210301031002 ,10.20.30.2/16,47
20210301031101 ,10.20.30.1/16,16
20210301031102 ,10.20.30.2/16,23
20210301031201 ,10.20.30.1/16,27
20210301031202 ,10.20.30.2/16,13
20210301031301 ,10.20.30.1/16,34
20210301031302 ,10.20.30.2/16,21
20210301031401 ,10.20.30.1/16,54
20210301031402 ,10.20.30.2/16,77
20210301031501 ,10.20.30.1/16,37
20210301031502 ,10.20.30.2/16,47
20210301031601 ,10.20.30.1/16,56
20210301031602 ,10.20.30.2/16,45
20210301031701 ,10.20.30.1/16,48
20210301031702 ,10.20.30.2/16,55
20210301031801 ,10.20.30.1/16,35
20210301031802 ,10.20.30.2/16,22
20210301031901 ,10.20.30.1/16,17
20210301031902 ,10.20.30.2/16,21
20210301032001 ,10.20.30.1/16,18
20210301032002 ,10.20.30.2/16,14
20210301032101 ,10.20.30.1/16,33
20210301032102 ,10.20.30.2/16,43
20210301032201 ,10.20.30.1/16,43
20210301032202 ,10.20.30.2/16,29
20210301032301 ,10.20.30.1/16,54
20210301032302 ,10.20.30.2/16,48
20210301032401 ,10.20.30.1/16,8
20210301032402 ,10.20.30.2/16,10
20210301032501 ,10.20.30.1/16,27
20210301032502 ,10.20.30.2/16,19
20210301032601 ,10.20.30.1/16,11
20210301032602 ,10.20.30.2/16,14
20210301032701 ,10.20.30.1/16,6
20210301032702 ,10.20.30.2/16,5
20210301032801 ,10.20.30.1/16,37
20210301032802 ,10.20.30.2/16,42
20210301032901 ,10.20.30.1/16,50
20210301032902 ,10.20.30.2/16,67
20210301033001 ,10.20.30.1/16,1
20210301033002 ,10.20.30.2/16,1
20210301033101 ,10.20.30.1/16,36
20210301033102 ,10.20.30.2/16,26
20210301033201 ,10.20.30.1/16,17
20210301033202 ,10.20.30.2/16,11
20210301033301 ,10.20.30.1/16,19
20210301033302 ,10.20.30.2/16,16
20210301033401 ,10.20.30.1/16,16
20210301033402 ,10.20.30.2/16,16
20210301033501 ,10.20.30.1/16,59
20210301033502 ,10.20.30.2/16,45
20210301033601 ,10.20.30.1/16,14
20210301033602 ,10.20.30.2/16,15
20210301033701 ,10.20.30.1/16,8
20210301033702 ,10.20.30.2/16,7
20210301033801 ,10.20.30.1/16,27
20210301033802 ,10.20.30.2/16,25
20210301033901 ,10.20.30.1/16,47
20210301033902 ,10.20.30.2/16,-
20210301034001 ,10.20.30.1/16,-
20210301034002 ,10.20.30.2/16,65
20210301034101 ,10.20.30.1/16,24
20210301034102 ,10.20.30.2/16,28
20210301034201 ,10.20.30.1/16,40
20210301034202 ,10.20.30.2/16,41
20210301034301 ,10.20.30.1/16,60
20210301034302 ,10.20.30.2/16,59
20210301034401 ,10.20.30.1/16,15
20210301034402 ,10.20.30.2/16,12
20210301034501 ,10.20.30.1/16,15
20210301034502 ,10.20.30.2/16,12
20210301034601 ,10.20.30.1/16,7
20210301034602 ,10.20.30.2/16,9
20210301034701 ,10.20.30.1/16,51
20210301034702 ,10.20.30.2/16,52
20210301034801 ,10.20.30.1/16,22
20210301034802 ,10.20.30.2/16,15
20210301034901 ,10.20.30.1/16,6
20210301034902 ,10.20.30.2/16,5
20210301035001 ,10.20.30.1/16,9
20210301035002 ,10.20.30.2/16,8
20210301035101 ,10.20.30.1/16,33
20210301035102 ,10.20.30.2/16,45
20210301035201 ,10.20.30.1/16,3
20210301035202 ,10.20.30.2/16,2
20210301035301 ,10.20.30.1/16,20
20210301035302 ,10.20.30.2/16,27
20210301035401 ,10.20.30.1/16,31
20210301035402 ,10.20.30.2/16,30
20210301035501 ,10.20.30.1/16,27
20210301035502 ,10.20.30.2/16,26
20210301035601 ,10.20.30.1/16,35
20210301035602 ,10.20.30.2/16,36
20210301035701 ,10.20.30.1/16,29
20210301035702 ,10.20.30.2/16,22
20210301035801 ,10.20.30.1/16,50
20210301035802 ,10.20.30.2/16,32
20210301035901 ,10.20.30.1/16,31
20210301035902 ,10.20.30.2/16,18
20210301040001 ,10.20.30.1/16,16
20210301040002 ,10.20.30.2/16,12
20210301040101 ,10.20.30.1/16,52
20210301040102 ,10.20.30.2/16,41
20210301040201 ,10.20.30.1/16,27
20210301040202 ,10.20.30.2/16,25
20210301040301 ,10.20.30.1/16,20
20210301040302 ,10.20.30.2/16,30
20210301040401 ,10.20.30.1/16,58
20210301040402 ,10.20.30.2/16,21
20210301040501 ,10.20.30.1/16,44
20210301040502 ,10.20.30.2/16,40
20210301040601 ,10.20.30.1/16,45
20210301040602 ,10.20.30.2/16,63
20210301040701 ,10.20.30.1/16,4
20210301040702 ,10.20.30.2/16,5
20210301040801 ,10.20.30.1/16,11
20210301040802 ,10.20.30.2/16,9
20210301040901 ,10.20.30.1/16,58
20210301040902 ,10.20.30.2/16,68
20210301041001 ,10.20.30.1/16,37
20210301041002 ,10.20.30.2/16,30
20210301041101 ,10.20.30.1/16,42
20210301041102 ,10.20.30.2/16,39
20210301041201 ,10.20.30.1/16,56
20210301041202 ,10.20.30.2/16,66
20210301041301 ,10.20.30.1/16,32
20210301041302 ,10.20.30.2/16,18
20210301041401 ,10.20.30.1/16,22
20210301041402 ,10.20.30.2/16,25
20210301041501 ,10.20.30.1/16,50
20210301041502 ,10.20.30.2/16,55
20210301041601 ,10.20.30.1/16,29
20210301041602 ,10.20.30.2/16,18
20210301041701 ,10.20.30.1/16,32
20210301041702 ,10.20.30.2/16,39
20210301041801 ,10.20.30.1/16,25
20210301041802 ,10.20.30.2/16,21
20210301041901 ,10.20.30.1/16,39
20210301041902 ,10.20.30.2/16,35
20210301042001 ,10.20.30.1/16,24
20210301042002 ,10.20.30.2/16,28
20210301042101 ,10.20.30.1/16,14
20210301042102 ,10.20.30.2/16,20
20210301042201 ,10.20.30.1/16,10
20210301042202 ,10.20.30.2/16,8
20210301042301 ,10.20.30.1/16,26
20210301042302 ,10.20.30.2/16,24
20210301042401 ,10.20.30.1/16,15
20210301042402 ,10.20.30.2/16,17
20210301042501 ,10.20.30.1/16,34
20210301042502 ,10.20.30.2/16,48
20210301042601 ,10.20.30.1/16,9
20210301042602 ,10.20.30.2/16,10
20210301042701 ,10.20.30.1/16,29
20210301042702 ,10.20.30.2/16,33
20210301042801 ,10.20.30.1/16,41
20210301042802 ,10.20.30.2/16,51
20210301042901 ,10.20.30.1/16,20
20210301042902 ,10.20.30.2/16,11
20210301043001 ,10.20.30.1/16,49
20210301043002 ,10.20.30.2/16,73
20210301043101 ,10.20.30.1/16,59
20210301043102 ,10.20.30.2/16,32
20210301043201 ,10.20.30.1/16,36
20210301043202 ,10.20.30.2/16,21
20210301043301 ,10.20.30.1/16,51
20210301043302 ,10.20.30.2/16,40
20210301043401 ,10.20.30.1/16,13
20210301043402 ,10.20.30.2/16,14
20210301043501 ,10.20.30.1/16,51
20210301043502 ,10.20.30.2/16,68
20210301043601 ,10.20.30.1/16,7
20210301043602 ,10.20.30.2/16,6
20210301043701 ,10.20.30.1/16,22
20210301043702 ,10.20.30.2/16,15
20210301043801 ,10.20.30.1/16,30
20210301043802 ,10.20.30.2/16,33
20210301043901 ,10.20.30.1/16,55
20210301043902 ,10.20.30.2/16,49
20210301044001 ,10.20.30.1/16,42
20210301044002 ,10.20.30.2/16,21
20210301044101 ,10.20.30.1/16,31
20210301044102 ,10.20.30.2/16,36
20210301044201 ,10.20.30.1/16,20
20210301044202 ,10.20.30.2/16,23
20210301044301 ,10.20.30.1/16,25
20210301044302 ,10.20.30.2/16,21
20210301044401 ,10.20.30.1/16,7
20210301044402 ,10.20.30.2/16,10
20210301044501 ,10.20.30.1/16,6
20210301044502 ,10.20.30.2/16,8
20210301044601 ,10.20.30.1/16,35
20210301044602 ,10.20.30.2/16,30
20210301044701 ,10.20.30.1/16,37
20210301044702 ,10.20.30.2/16,27
20210301044801 ,10.20.30.1/16,29
20210301044802 ,10.20.30.2/16,35
20210301044901 ,10.20.30.1/16,39
20210301044902 ,10.20.30.2/16,40
20210301045001 ,10.20.30.1/16,36
20210301045002 ,10.20.30.2/16,42
20210301045101 ,10.20.30.1/16,33
20210301045102 ,10.20.30.2/16,38
20210301045201 ,10.20.30.1/16,18
20210301045202 ,10.20.30.2/16,15
20210301045301 ,10.20.30.1/16,46
20210301045302 ,10.20.30.2/16,49
20210301045401 ,10.20.30.1/16,29
20210301045402 ,10.20.30.2/16,30
20210301045501 ,10.20.30.1/16,22
20210301045502 ,10.20.30.2/16,16
20210301045601 ,10.20.30.1/16,12
20210301045602 ,10.20.30.2/16,8
20210301045701 ,10.20.30.1/16,10
20210301045702 ,10.20.30.2/16,12
20210301045801 ,10.20.30.1/16,23
20210301045802 ,10.20.30.2/16,31
20210301045901 ,10.20.30.1/16,59
20210301045902 ,10.20.30.2/16,44
20210301050001 ,10.20.30.1/16,503
20210301050002 ,10.20.30.2/16,6
20210301050101 ,10.20.30.1/16,-
20210301050102 ,10.20.30.2/16,55
20210301050201 ,10.20.30.1/16,106
20210301050202 ,10.20.30.2/16,61
20210301050301 ,10.20.30.1/16,450
20210301050302 ,10.20.30.2/16,-
20210301050401 ,10.20.30.1/16,-
20210301050402 ,10.20.30.2/16,-
20210301050501 ,10.20.30.1/16,-
20210301050502 ,10.20.30.2/16,-
20210301050601 ,10.20.30.1/16,-
20210301050602 ,10.20.30.2/16,-
20210301050701 ,10.20.30.1/16,-
20210301050702 ,10.20.30.2/16,-
20210301050801 ,10.20.30.1/16,-
20210301050802 ,10.20.30.2/16,-
20210301050901 ,10.20.30.1/16,-
20210301050902 ,10.20.30.2/16,24
20210301051001 ,10.20.30.1/16,834
20210301051002 ,10.20.30.2/16,36
20210301051101 ,10.20.30.1/16,680
20210301051102 ,10.20.30.2/16,58
20210301051201 ,10.20.30.1/16,-
20210301051202 ,10.20.30.2/16,5
20210301051301 ,10.20.30.1/16,-
20210301051302 ,10.20.30.2/16,30
20210301051401 ,10.20.30.1/16,-
20210301051402 ,10.20.30.2/16,19
20210301051501 ,10.20.30.1/16,986
20210301051502 ,10.20.30.2/16,37
20210301051601 ,10.20.30.1/16,98
20210301051602 ,10.20.30.2/16,11
20210301051701 ,10.20.30.1/16,237
20210301051702 ,10.20.30.2/16,15
20210301051801 ,10.20.30.1/16,364
20210301051802 ,10.20.30.2/16,72
20210301051901 ,10.20.30.1/16,280
20210301051902 ,10.20.30.2/16,50
20210301052001 ,10.20.30.1/16,969
20210301052002 ,10.20.30.2/16,37
20210301052101 ,10.20.30.1/16,484
20210301052102 ,10.20.30.2/16,15
20210301052201 ,10.20.30.1/16,907
20210301052202 ,10.20.30.2/16,61
20210301052301 ,10.20.30.1/16,801
20210301052302 ,10.20.30.2/16,46
20210301052401 ,10.20.30.1/16,934
20210301052402 ,10.20.30.2/16,16
20210301052501 ,10.20.30.1/16,451
20210301052502 ,10.20.30.2/16,27
20210301052601 ,10.20.30.1/16,418
20210301052602 ,10.20.30.2/16,33
20210301052701 ,10.20.30.1/16,967
20210301052702 ,10.20.30.2/16,17
20210301052801 ,10.20.30.1/16,748
20210301052802 ,10.20.30.2/16,1
20210301052901 ,10.20.30.1/16,122
20210301052902 ,10.20.30.2/16,9
20210301053001 ,10.20.30.1/16,62
20210301053002 ,10.20.30.2/16,5
20210301053101 ,10.20.30.1/16,726
20210301053102 ,10.20.30.2/16,33
20210301053201 ,10.20.30.1/16,560
20210301053202 ,10.20.30.2/16,37
20210301053301 ,10.20.30.1/16,819
20210301053302 ,10.20.30.2/16,18
20210301053401 ,10.20.30.1/16,-
20210301053402 ,10.20.30.2/16,29
20210301053501 ,10.20.30.1/16,447
20210301053502 ,10.20.30.2/16,14
20210301053601 ,10.20.30.1/16,785
20210301053602 ,10.20.30.2/16,16
20210301053701 ,10.20.30.1/16,195
20210301053702 ,10.20.30.2/16,18
20210301053801 ,10.20.30.1/16,75
20210301053802 ,10.20.30.2/16,30
20210301053901 ,10.20.30.1/16,786
20210301053902 ,10.20.30.2/16,22
20210301054001 ,10.20.30.1/16,931
20210301054002 ,10.20.30.2/16,37
20210301054101 ,10.20.30.1/16,256
20210301054102 ,10.20.30.2/16,54
20210301054201 ,10.20.30.1/16,506
20210301054202 ,10.20.30.2/16,33
20210301054301 ,10.20.30.1/16,284
20210301054302 ,10.20.30.2/16,2
20210301054401 ,10.20.30.1/16,110
20210301054402 ,10.20.30.2/16,14
20210301054501 ,10.20.30.1/16,470
20210301054502 ,10.20.30.2/16,37
20210301054601 ,10.20.30.1/16,985
20210301054602 ,10.20.30.2/16,12
20210301054701 ,10.20.30.1/16,744
20210301054702 ,10.20.30.2/16,26
20210301054801 ,10.20.30.1/16,541
20210301054802 ,10.20.30.2/16,40
20210301054901 ,10.20.30.1/16,309
20210301054902 ,10.20.30.2/16,56
20210301055001 ,10.20.30.1/16,625
20210301055002 ,10.20.30.2/16,40
20210301055101 ,10.20.30.1/16,928
20210301055102 ,10.20.30.2/16,54
20210301055201 ,10.20.30.1/16,182
20210301055202 ,10.20.30.2/16,35
20210301055301 ,10.20.30.1/16,-
20210301055302 ,10.20.30.2/16,66
20210301055401 ,10.20.30.1/16,232
20210301055402 ,10.20.30.2/16,62
20210301055501 ,10.20.30.1/16,133
20210301055502 ,10.20.30.2/16,17
20210301055601 ,10.20.30.1/16,71
20210301055602 ,10.20.30.2/16,1
20210301055701 ,10.20.30.1/16,76
20210301055702 ,10.20.30.2/16,40
20210301055801 ,10.20.30.1/16,388
20210301055802 ,10.20.30.2/16,31
20210301055901 ,10.20.30.1/16,335
20210301055902 ,10.20.30.2/16,20
20210301060001 ,10.20.30.1/16,8
20210301060002 ,10.20.30.2/16,431
20210301060101 ,10.20.30.1/16,49
20210301060102 ,10.20.30.2/16,431
20210301060201 ,10.20.30.1/16,46
20210301060202 ,10.20.30.2/16,78
20210301060301 ,10.20.30.1/16,53
20210301060302 ,10.20.30.2/16,-
20210301060401 ,10.20.30.1/16,20
20210301060402 ,10.20.30.2/16,-
20210301060501 ,10.20.30.1/16,45
20210301060502 ,10.20.30.2/16,769
20210301060601 ,10.20.30.1/16,33
20210301060602 ,10.20.30.2/16,367
20210301060701 ,10.20.30.1/16,1
20210301060702 ,10.20.30.2/16,-
20210301060801 ,10.20.30.1/16,-
20210301060802 ,10.20.30.2/16,-
20210301060901 ,10.20.30.1/16,-
20210301060902 ,10.20.30.2/16,-
20210301061001 ,10.20.30.1/16,-
20210301061002 ,10.20.30.2/16,-
20210301061101 ,10.20.30.1/16,-
20210301061102 ,10.20.30.2/16,-
20210301061201 ,10.20.30.1/16,-
20210301061202 ,10.20.30.2/16,-
20210301061301 ,10.20.30.1/16,45
20210301061302 ,10.20.30.2/16,693
20210301061401 ,10.20.30.1/16,21
20210301061402 ,10.20.30.2/16,-
20210301061501 ,10.20.30.1/16,33
20210301061502 ,10.20.30.2/16,-
20210301061601 ,10.20.30.1/16,11
20210301061602 ,10.20.30.2/16,-
20210301061701 ,10.20.30.1/16,17
20210301061702 ,10.20.30.2/16,-
20210301061801 ,10.20.30.1/16,51
20210301061802 ,10.20.30.2/16,359
20210301061901 ,10.20.30.1/16,55
20210301061902 ,10.20.30.2/16,286
20210301062001 ,10.20.30.1/16,30
20210301062002 ,10.20.30.2/16,1329
20210301062101 ,10.20.30.1/16,14
20210301062102 ,10.20.30.2/16,703
20210301062201 ,10.20.30.1/16,55
20210301062202 ,10.20.30.2/16,822
20210301062301 ,10.20.30.1/16,43
20210301062302 ,10.20.30.2/16,836
20210301062401 ,10.20.30.1/16,17
20210301062402 ,10.20.30.2/16,1097
20210301062501 ,10.20.30.1/16,41
20210301062502 ,10.20.30.2/16,506
20210301062601 ,10.20.30.1/16,33
20210301062602 ,10.20.30.2/16,691
20210301062701 ,10.20.30.1/16,14
20210301062702 ,10.20.30.2/16,1048
20210301062801 ,10.20.30.1/16,1
20210301062802 ,10.20.30.2/16,900
20210301062901 ,10.20.30.1/16,7
20210301062902 ,10.20.30.2/16,110
20210301063001 ,10.20.30.1/16,8
20210301063002 ,10.20.30.2/16,89
20210301063101 ,10.20.30.1/16,49
20210301063102 ,10.20.30.2/16,595
20210301063201 ,10.20.30.1/16,32
20210301063202 ,10.20.30.2/16,729
20210301063301 ,10.20.30.1/16,14
20210301063302 ,10.20.30.2/16,776
20210301063401 ,10.20.30.1/16,34
20210301063402 ,10.20.30.2/16,-
20210301063501 ,10.20.30.1/16,14
20210301063502 ,10.20.30.2/16,580
20210301063601 ,10.20.30.1/16,15
20210301063602 ,10.20.30.2/16,647
20210301063701 ,10.20.30.1/16,18
20210301063702 ,10.20.30.2/16,228
20210301063801 ,10.20.30.1/16,53
20210301063802 ,10.20.30.2/16,103
20210301063901 ,10.20.30.1/16,23
20210301063902 ,10.20.30.2/16,830
20210301064001 ,10.20.30.1/16,30
20210301064002 ,10.20.30.2/16,1026
20210301064101 ,10.20.30.1/16,45
20210301064102 ,10.20.30.2/16,170
20210301064201 ,10.20.30.1/16,34
20210301064202 ,10.20.30.2/16,588
20210301064301 ,10.20.30.1/16,5
20210301064302 ,10.20.30.2/16,321
20210301064401 ,10.20.30.1/16,18
20210301064402 ,10.20.30.2/16,133
20210301064501 ,10.20.30.1/16,37
20210301064502 ,10.20.30.2/16,357
20210301064601 ,10.20.30.1/16,19
20210301064602 ,10.20.30.2/16,752
20210301064701 ,10.20.30.1/16,19
20210301064702 ,10.20.30.2/16,834
20210301064801 ,10.20.30.1/16,33
20210301064802 ,10.20.30.2/16,508
20210301064901 ,10.20.30.1/16,47
20210301064902 ,10.20.30.2/16,256
20210301065001 ,10.20.30.1/16,47
20210301065002 ,10.20.30.2/16,715
20210301065101 ,10.20.30.1/16,46
20210301065102 ,10.20.30.2/16,990
20210301065201 ,10.20.30.1/16,32
20210301065202 ,10.20.30.2/16,281
20210301065301 ,10.20.30.1/16,59
20210301065302 ,10.20.30.2/16,-
20210301065401 ,10.20.30.1/16,53
20210301065402 ,10.20.30.2/16,281
20210301065501 ,10.20.30.1/16,17
20210301065502 ,10.20.30.2/16,100
20210301065601 ,10.20.30.1/16,2
20210301065602 ,10.20.30.2/16,69
20210301065701 ,10.20.30.1/16,56
20210301065702 ,10.20.30.2/16,76
20210301065801 ,10.20.30.1/16,51
20210301065802 ,10.20.30.2/16,294
20210301065901 ,10.20.30.1/16,24
20210301065902 ,10.20.30.2/16,328
20210301070001 ,10.20.30.1/16,-
20210301070002 ,10.20.30.2/16,27
20210301070101 ,10.20.30.1/16,-
20210301070102 ,10.20.30.2/16,21
20210301070201 ,10.20.30.1/16,-
20210301070202 ,10.20.30.2/16,76
20210301070301 ,10.20.30.1/16,-
20210301070302 ,10.20.30.2/16,39
20210301070401 ,10.20.30.1/16,-
20210301070402 ,10.20.30.2/16,7
20210301070501 ,10.20.30.1/16,-
20210301070502 ,10.20.30.2/16,26
20210301070601 ,10.20.30.1/16,-
20210301070602 ,10.20.30.2/16,15
20210301070701 ,10.20.30.1/16,-
20210301070702 ,10.20.30.2/16,68
20210301070801 ,10.20.30.1/16,-
20210301070802 ,10.20.30.2/16,29
20210301070901 ,10.20.30.1/16,-
20210301070902 ,10.20.30.2/16,58
20210301071001 ,10.20.30.1/16,-
20210301071002 ,10.20.30.2/16,4
20210301071101 ,10.20.30.1/16,-
20210301071102 ,10.20.30.2/16,58
20210301071201 ,10.20.30.1/16,-
20210301071202 ,10.20.30.2/16,14
20210301071301 ,10.20.30.1/16,-
20210301071302 ,10.20.30.2/16,29
20210301071401 ,10.20.30.1/16,-
20210301071402 ,10.20.30.2/16,22
20210301071501 ,10.20.30.1/16,-
20210301071502 ,10.20.30.2/16,31
20210301071601 ,10.20.30.1/16,-
20210301071602 ,10.20.30.2/16,60
20210301071701 ,10.20.30.1/16,-
20210301071702 ,10.20.30.2/16,55
20210301071801 ,10.20.30.1/16,-
20210301071802 ,10.20.30.2/16,23
20210301071901 ,10.20.30.1/16,-
20210301071902 ,10.20.30.2/16,27
20210301072001 ,10.20.30.1/16,-
20210301072002 ,10.20.30.2/16,33
20210301072101 ,10.20.30.1/16,-
20210301072102 ,10.20.30.2/16,70
20210301072201 ,10.20.30.1/16,-
20210301072202 ,10.20.30.2/16,15
20210301072301 ,10.20.30.1/16,-
20210301072302 ,10.20.30.2/16,4
20210301072401 ,10.20.30.1/16,-
20210301072402 ,10.20.30.2/16,20
20210301072501 ,10.20.30.1/16,-
20210301072502 ,10.20.30.2/16,22
20210301072601 ,10.20.30.1/16,-
20210301072602 ,10.20.30.2/16,0
20210301072701 ,10.20.30.1/16,-
20210301072702 ,10.20.30.2/16,27
20210301072801 ,10.20.30.1/16,-
20210301072802 ,10.20.30.2/16,35
20210301072901 ,10.20.30.1/16,-
20210301072902 ,10.20.30.2/16,43
20210301073001 ,10.20.30.1/16,20
20210301073002 ,10.20.30.2/16,-
20210301073101 ,10.20.30.1/16,42
20210301073102 ,10.20.30.2/16,-
20210301073201 ,10.20.30.1/16,55
20210301073202 ,10.20.30.2/16,76
20210301073301 ,10.20.30.1/16,34
20210301073302 ,10.20.30.2/16,39
20210301073401 ,10.20.30.1/16,6
20210301073402 ,10.20.30.2/16,7
20210301073501 ,10.20.30.1/16,60
20210301073502 ,10.20.30.2/16,26
20210301073601 ,10.20.30.1/16,17
20210301073602 ,10.20.30.2/16,15
20210301073701 ,10.20.30.1/16,51
20210301073702 ,10.20.30.2/16,68
20210301073801 ,10.20.30.1/16,27
20210301073802 ,10.20.30.2/16,29
20210301073901 ,10.20.30.1/16,49
20210301073902 ,10.20.30.2/16,58
20210301074001 ,10.20.30.1/16,3
20210301074002 ,10.20.30.2/16,4
20210301074101 ,10.20.30.1/16,55
20210301074102 ,10.20.30.2/16,58
20210301074201 ,10.20.30.1/16,18
20210301074202 ,10.20.30.2/16,14
20210301074301 ,10.20.30.1/16,26
20210301074302 ,10.20.30.2/16,29
20210301074401 ,10.20.30.1/16,19
20210301074402 ,10.20.30.2/16,22
20210301074501 ,10.20.30.1/16,33
20210301074502 ,10.20.30.2/16,31
20210301074601 ,10.20.30.1/16,50
20210301074602 ,10.20.30.2/16,60
20210301074701 ,10.20.30.1/16,46
20210301074702 ,10.20.30.2/16,55
20210301074801 ,10.20.30.1/16,32
20210301074802 ,10.20.30.2/16,23
20210301074901 ,10.20.30.1/16,29
20210301074902 ,10.20.30.2/16,27
20210301075001 ,10.20.30.1/16,39
20210301075002 ,10.20.30.2/16,33
20210301075101 ,10.20.30.1/16,59
20210301075102 ,10.20.30.2/16,70
20210301075201 ,10.20.30.1/16,14
20210301075202 ,10.20.30.2/16,15
20210301075301 ,10.20.30.1/16,4
20210301075302 ,10.20.30.2/16,4
20210301075401 ,10.20.30.1/16,24
20210301075402 ,10.20.30.2/16,20
20210301075501 ,10.20.30.1/16,33
20210301075502 ,10.20.30.2/16,22
20210301075601 ,10.20.30.1/16,1
20210301075602 ,10.20.30.2/16,0
20210301075701 ,10.20.30.1/16,28
20210301075702 ,10.20.30.2/16,27
20210301075801 ,10.20.30.1/16,47
20210301075802 ,10.20.30.2/16,35
20210301075901 ,10.20.30.1/16,55
20210301075902 ,10.20.30.2/16,43
20210301080001 ,10.20.30.1/16,24
20210301080002 ,10.20.30.2/16,29
20210301080101 ,10.20.30.1/16,58
20210301080102 ,10.20.30.2/16,48
20210301080201 ,10.20.30.1/16,34
20210301080202 ,10.20.30.2/16,35
20210301080301 ,10.20.30.1/16,53
20210301080302 ,10.20.30.2/16,45
20210301080401 ,10.20.30.1/16,38
20210301080402 ,10.20.30.2/16,33
20210301080501 ,10.20.30.1/16,45
20210301080502 ,10.20.30.2/16,57
20210301080601 ,10.20.30.1/16,55
20210301080602 ,10.20.30.2/16,78
20210301080701 ,10.20.30.1/16,21
20210301080702 ,10.20.30.2/16,23
20210301080801 ,10.20.30.1/16,17
20210301080802 ,10.20.30.2/16,18
20210301080901 ,10.20.30.1/16,39
20210301080902 ,10.20.30.2/16,41
20210301081001 ,10.20.30.1/16,49
20210301081002 ,10.20.30.2/16,46
20210301081101 ,10.20.30.1/16,23
20210301081102 ,10.20.30.2/16,25
20210301081201 ,10.20.30.1/16,59
20210301081202 ,10.20.30.2/16,44
20210301081301 ,10.20.30.1/16,0
20210301081302 ,10.20.30.2/16,0
20210301081401 ,10.20.30.1/16,16
20210301081402 ,10.20.30.2/16,16
20210301081501 ,10.20.30.1/16,13
20210301081502 ,10.20.30.2/16,12
20210301081601 ,10.20.30.1/16,15
20210301081602 ,10.20.30.2/16,17
20210301081701 ,10.20.30.1/16,15
20210301081702 ,10.20.30.2/16,10
20210301081801 ,10.20.30.1/16,21
20210301081802 ,10.20.30.2/16,22
20210301081901 ,10.20.30.1/16,9
20210301081902 ,10.20.30.2/16,9
20210301082001 ,10.20.30.1/16,34
20210301082002 ,10.20.30.2/16,25
20210301082101 ,10.20.30.1/16,50
20210301082102 ,10.20.30.2/16,68
20210301082201 ,10.20.30.1/16,46
20210301082202 ,10.20.30.2/16,56
20210301082301 ,10.20.30.1/16,25
20210301082302 ,10.20.30.2/16,20
20210301082401 ,10.20.30.1/16,29
20210301082402 ,10.20.30.2/16,15
20210301082501 ,10.20.30.1/16,3
20210301082502 ,10.20.30.2/16,2
20210301082601 ,10.20.30.1/16,8
20210301082602 ,10.20.30.2/16,9
20210301082701 ,10.20.30.1/16,23
20210301082702 ,10.20.30.2/16,27
20210301082801 ,10.20.30.1/16,46
20210301082802 ,10.20.30.2/16,60
20210301082901 ,10.20.30.1/16,11
20210301082902 ,10.20.30.2/16,10
20210301083001 ,10.20.30.1/16,23
20210301083002 ,10.20.30.2/16,-
20210301083101 ,10.20.30.1/16,56
20210301083102 ,10.20.30.2/16,-
20210301083201 ,10.20.30.1/16,11
20210301083202 ,10.20.30.2/16,-
20210301083301 ,10.20.30.1/16,33
20210301083302 ,10.20.30.2/16,-
20210301083401 ,10.20.30.1/16,11
20210301083402 ,10.20.30.2/16,-
20210301083501 ,10.20.30.1/16,40
20210301083502 ,10.20.30.2/16,-
20210301083601 ,10.20.30.1/16,17
20210301083602 ,10.20.30.2/16,-
20210301083701 ,10.20.30.1/16,28
20210301083702 ,10.20.30.2/16,-
20210301083801 ,10.20.30.1/16,5
20210301083802 ,10.20.30.2/16,-
20210301083901 ,10.20.30.1/16,22
20210301083902 ,10.20.30.2/16,-
20210301084001 ,10.20.30.1/16,22
20210301084002 ,10.20.30.2/16,-
20210301084101 ,10.20.30.1/16,34
20210301084102 ,10.20.30.2/16,-
20210301084201 ,10.20.30.1/16,6
20210301084202 ,10.20.30.2/16,-
20210301084301 ,10.20.30.1/16,23
20210301084302 ,10.20.30.2/16,-
20210301084401 ,10.20.30.1/16,22
20210301084402 ,10.20.30.2/16,-
20210301084501 ,10.20.30.1/16,37
20210301084502 ,10.20.30.2/16,-
20210301084601 ,10.20.30.1/16,43
20210301084602 ,10.20.30.2/16,-
20210301084701 ,10.20.30.1/16,23
20210301084702 ,10.20.30.2/16,-
20210301084801 ,10.20.30.1/16,15
20210301084802 ,10.20.30.2/16,-
20210301084901 ,10.20.30.1/16,49
20210301084902 ,10.20.30.2/16,-
20210301085001 ,10.20.30.1/16,56
20210301085002 ,10.20.30.2/16,-
20210301085101 ,10.20.30.1/16,38
20210301085102 ,10.20.30.2/16,-
20210301085201 ,10.20.30.1/16,9
20210301085202 ,10.20.30.2/16,-
20210301085301 ,10.20.30.1/16,32
20210301085302 ,10.20.30.2/16,-
20210301085401 ,10.20.30.1/16,9
20210301085402 ,10.20.30.2/16,-
20210301085501 ,10.20.30.1/16,35
20210301085502 ,10.20.30.2/16,-
20210301085601 ,10.20.30.1/16,10
20210301085602 ,10.20.30.2/16,-
20210301085701 ,10.20.30.1/16,21
20210301085702 ,10.20.30.2/16,-
20210301085801 ,10.20.30.1/16,7
20210301085802 ,10.20.30.2/16,-
20210301085901 ,10.20.30.1/16,25
20210301085902 ,10.20.30.2/16,-
20210301090001 ,10.20.30.1/16,47
20210301090002 ,10.20.30.2/16,52
20210301090101 ,10.20.30.1/16,31
20210301090102 ,10.20.30.2/16,43
20210301090201 ,10.20.30.1/16,37
20210301090202 ,10.20.30.2/16,40
20210301090301 ,10.20.30.1/16,5
20210301090302 ,10.20.30.2/16,4
20210301090401 ,10.20.30.1/16,11
20210301090402 ,10.20.30.2/16,10
20210301090501 ,10.20.30.1/16,14
20210301090502 ,10.20.30.2/16,18
20210301090601 ,10.20.30.1/16,24
20210301090602 ,10.20.30.2/16,21
20210301090701 ,10.20.30.1/16,49
20210301090702 ,10.20.30.2/16,48
20210301090801 ,10.20.30.1/16,46
20210301090802 ,10.20.30.2/16,43
20210301090901 ,10.20.30.1/16,10
20210301090902 ,10.20.30.2/16,7
20210301091001 ,10.20.30.1/16,54
20210301091002 ,10.20.30.2/16,39
20210301091101 ,10.20.30.1/16,48
20210301091102 ,10.20.30.2/16,39
20210301091201 ,10.20.30.1/16,47
20210301091202 ,10.20.30.2/16,63
20210301091301 ,10.20.30.1/16,15
20210301091302 ,10.20.30.2/16,8
20210301091401 ,10.20.30.1/16,48
20210301091402 ,10.20.30.2/16,40
20210301091501 ,10.20.30.1/16,58
20210301091502 ,10.20.30.2/16,63
20210301091601 ,10.20.30.1/16,56
20210301091602 ,10.20.30.2/16,61
20210301091701 ,10.20.30.1/16,29
20210301091702 ,10.20.30.2/16,17
20210301091801 ,10.20.30.1/16,47
20210301091802 ,10.20.30.2/16,54
20210301091901 ,10.20.30.1/16,7
20210301091902 ,10.20.30.2/16,7
20210301092001 ,10.20.30.1/16,38
20210301092002 ,10.20.30.2/16,43
20210301092101 ,10.20.30.1/16,38
20210301092102 ,10.20.30.2/16,37
20210301092201 ,10.20.30.1/16,30
20210301092202 ,10.20.30.2/16,28
20210301092301 ,10.20.30.1/16,35
20210301092302 ,10.20.30.2/16,20
20210301092401 ,10.20.30.1/16,27
20210301092402 ,10.20.30.2/16,33
20210301092501 ,10.20.30.1/16,17
20210301092502 ,10.20.30.2/16,20
20210301092601 ,10.20.30.1/16,45
20210301092602 ,10.20.30.2/16,6
20210301092701 ,10.20.30.1/16,42
20210301092702 ,10.20.30.2/16,51
20210301092801 ,10.20.30.1/16,27
20210301092802 ,10.20.30.2/16,24
20210301092901 ,10.20.30.1/16,52
20210301092902 ,10.20.30.2/16,47
20210301093001 ,10.20.30.1/16,39
20210301093002 ,10.20.30.2/16,38
20210301093101 ,10.20.30.1/16,46
20210301093102 ,10.20.30.2/16,63
20210301093201 ,10.20.30.1/16,37
20210301093202 ,10.20.30.2/16,36
20210301093301 ,10.20.30.1/16,2
20210301093302 ,10.20.30.2/16,3
20210301093401 ,10.20.30.1/16,50
20210301093402 ,10.20.30.2/16,55
20210301093501 ,10.20.30.1/16,46
20210301093502 ,10.20.30.2/16,37
20210301093601 ,10.20.30.1/16,31
20210301093602 ,10.20.30.2/16,32
20210301093701 ,10.20.30.1/16,42
20210301093702 ,10.20.30.2/16,36
20210301093801 ,10.20.30.1/16,43
20210301093802 ,10.20.30.2/16,62
20210301093901 ,10.20.30.1/16,51
20210301093902 ,10.20.30.2/16,61
20210301094001 ,10.20.30.1/16,55
20210301094002 ,10.20.30.2/16,45
20210301094101 ,10.20.30.1/16,45
20210301094102 ,10.20.30.2/16,27
20210301094201 ,10.20.30.1/16,46
20210301094202 ,10.20.30.2/16,49
20210301094301 ,10.20.30.1/16,42
20210301094302 ,10.20.30.2/16,54
20210301094401 ,10.20.30.1/16,13
20210301094402 ,10.20.30.2/16,12
20210301094501 ,10.20.30.1/16,40
20210301094502 ,10.20.30.2/16,44
20210301094601 ,10.20.30.1/16,35
20210301094602 ,10.20.30.2/16,28
20210301094701 ,10.20.30.1/16,4
20210301094702 ,10.20.30.2/16,4
20210301094801 ,10.20.30.1/16,45
20210301094802 ,10.20.30.2/16,44
20210301094901 ,10.20.30.1/16,22
20210301094902 ,10.20.30.2/16,18
20210301095001 ,10.20.30.1/16,54
20210301095002 ,10.20.30.2/16,54
20210301095101 ,10.20.30.1/16,3
20210301095102 ,10.20.30.2/16,4
20210301095201 ,10.20.30.1/16,28
20210301095202 ,10.20.30.2/16,26
20210301095301 ,10.20.30.1/16,48
20210301095302 ,10.20.30.2/16,41
20210301095401 ,10.20.30.1/16,8
20210301095402 ,10.20.30.2/16,11
20210301095501 ,10.20.30.1/16,54
20210301095502 ,10.20.30.2/16,36
20210301095601 ,10.20.30.1/16,36
20210301095602 ,10.20.30.2/16,39
20210301095701 ,10.20.30.1/16,52
20210301095702 ,10.20.30.2/16,36
20210301095801 ,10.20.30.1/16,19
20210301095802 ,10.20.30.2/16,19
20210301095901 ,10.20.30.1/16,50
20210301095902 ,10.20.30.2/16,65
20210301100001 ,10.20.30.1/16,7
20210301100002 ,10.20.30.2/16,6
